{"BLEU": 27.75, "SARI": 28.7, "FKGL": 2.81, "loss": 11.677, "nll_loss": 11.587, "warmup_updates": 4000, "parametrization_budget": 256, "beam": 3, "dropout": 0.78136546, "fp16": false, "label_smoothing": 0.04216467, "lr": 0.00099334, "lr_scheduler": "fixed", "max_epoch": 100, "max_tokens": 5000, "optimizer": "adam", "LengthRatio": 0.39868738, "Levenshtein": 0.49893018, "WordRank": 0.66502523, "DepTreeDepth": 0.14369291, "_runtime": 2, "_timestamp": 1615509145, "_step": 0}