{"BLEU": 17.26, "SARI": 28.57, "FKGL": 5.52, "loss": 10.064, "nll_loss": 7.854, "warmup_updates": 4000, "parametrization_budget": 256, "beam": 8, "dropout": 0.10873783, "fp16": false, "label_smoothing": 0.34635971, "lr": 0.00016883, "lr_scheduler": "fixed", "max_epoch": 100, "max_tokens": 5000, "optimizer": "adam", "LengthRatio": 0.83088276, "Levenshtein": 0.40201658, "WordRank": 0.23636013, "DepTreeDepth": 0.56277707, "_runtime": 2, "_timestamp": 1615509196, "_step": 0}