{"BLEU": 0.11, "SARI": 17.74, "FKGL": 7.0, "loss": 5.108, "nll_loss": 1.076, "warmup_updates": 4000, "parametrization_budget": 256, "beam": 5, "dropout": 0.66372123, "fp16": false, "label_smoothing": 0.27924436, "lr": 0.92979493, "lr_scheduler": "fixed", "max_epoch": 100, "max_tokens": 5000, "optimizer": "adam", "LengthRatio": 0.86016703, "Levenshtein": 0.45877121, "WordRank": 0.74606386, "DepTreeDepth": 0.93722431, "_runtime": 2, "_timestamp": 1615509254, "_step": 0}