{"BLEU": 0.19, "SARI": 18.26, "FKGL": 5.09, "loss": 7.26, "nll_loss": 2.957, "warmup_updates": 4000, "parametrization_budget": 256, "beam": 9, "dropout": 0.6173730643, "fp16": false, "label_smoothing": 0.3563429031, "lr": 0.3839182998, "lr_scheduler": "fixed", "max_epoch": 100, "max_tokens": 5000, "optimizer": "adam", "LengthRatio": 0.9361388228, "Levenshtein": 0.4022086243, "WordRank": 0.447757364, "DepTreeDepth": 0.3529151588, "_runtime": 1, "_timestamp": 1615508695, "_step": 0}