{"BLEU": 53.57, "SARI": 35.23, "FKGL": 5.22, "loss": 11.48, "nll_loss": 10.898, "warmup_updates": 4000, "parametrization_budget": 256, "beam": 9, "dropout": 0.6139092353, "fp16": false, "label_smoothing": 0.1983196218, "lr": 9.35e-05, "lr_scheduler": "fixed", "max_epoch": 100, "max_tokens": 5000, "optimizer": "adam", "LengthRatio": 0.6738259154, "Levenshtein": 0.6478412524, "WordRank": 0.3196182056, "DepTreeDepth": 0.6314644747, "_runtime": 2, "_timestamp": 1615508776, "_step": 0}