{"BLEU": 0.32, "SARI": 18.36, "FKGL": 0.85, "loss": 13.267, "nll_loss": 12.396, "warmup_updates": 4000, "parametrization_budget": 256, "beam": 9, "dropout": 0.9098847793, "fp16": false, "label_smoothing": 0.7148771349, "lr": 0.008394134584, "lr_scheduler": "fixed", "max_epoch": 100, "max_tokens": 5000, "optimizer": "adam", "LengthRatio": 0.04717603095, "Levenshtein": 0.6335642718, "WordRank": 0.2292883034, "DepTreeDepth": 0.5786517086, "_runtime": 2, "_timestamp": 1615508655, "_step": 0}