{"BLEU": 13.78, "SARI": 24.65, "FKGL": 1.27, "loss": 10.187, "nll_loss": 8.302, "warmup_updates": 4000, "parametrization_budget": 256, "beam": 3, "dropout": 0.36809015, "fp16": false, "label_smoothing": 0.32535042, "lr": 0.00068628, "lr_scheduler": "fixed", "max_epoch": 100, "max_tokens": 5000, "optimizer": "adam", "LengthRatio": 0.18016952, "Levenshtein": 0.64873679, "WordRank": 0.72939809, "DepTreeDepth": 0.63906063, "_runtime": 1, "_timestamp": 1615508921, "_step": 0}