{"BLEU": 0.25, "SARI": 17.01, "FKGL": 0.0, "loss": 13.355, "nll_loss": 10.224, "warmup_updates": 4000, "parametrization_budget": 256, "beam": 3, "dropout": 0.53330944, "fp16": false, "label_smoothing": 0.93123976, "lr": 0.00095488, "lr_scheduler": "fixed", "max_epoch": 100, "max_tokens": 5000, "optimizer": "adam", "LengthRatio": 0.23282306, "Levenshtein": 0.05345089, "WordRank": 0.07197122, "DepTreeDepth": 0.50898728, "_runtime": 1, "_timestamp": 1615508865, "_step": 0}