{"BLEU": 33.28, "SARI": 32.08, "FKGL": 5.0, "loss": 13.534, "nll_loss": 12.825, "warmup_updates": 4000, "parametrization_budget": 256, "beam": 10, "dropout": 0.81228911, "fp16": false, "label_smoothing": 0.85774373, "lr": 6.59e-05, "lr_scheduler": "fixed", "max_epoch": 100, "max_tokens": 5000, "optimizer": "adam", "LengthRatio": 0.72217318, "Levenshtein": 0.48804315, "WordRank": 0.00849233, "DepTreeDepth": 0.13946794, "_runtime": 1, "_timestamp": 1615509074, "_step": 0}