{"BLEU": 92.02, "SARI": 36.97, "FKGL": 8.38, "loss": 12.949, "nll_loss": 10.346, "warmup_updates": 4000, "parametrization_budget": 256, "beam": 3, "dropout": 0.6518244, "fp16": false, "label_smoothing": 0.80570815, "lr": 0.00029723, "lr_scheduler": "fixed", "max_epoch": 100, "max_tokens": 5000, "optimizer": "adam", "LengthRatio": 0.79404285, "Levenshtein": 0.92762688, "WordRank": 0.30340909, "DepTreeDepth": 0.14080309, "_runtime": 2, "_timestamp": 1615509189, "_step": 0}