{"BLEU": 0.04, "SARI": 17.77, "FKGL": 0.0, "loss": 13.324, "nll_loss": 12.722, "warmup_updates": 4000, "parametrization_budget": 256, "beam": 9, "dropout": 0.9470057742, "fp16": false, "label_smoothing": 0.9909867583, "lr": 0.0263, "lr_scheduler": "fixed", "max_epoch": 100, "max_tokens": 5000, "optimizer": "adam", "LengthRatio": 0.008097026618, "Levenshtein": 0.1770341456, "WordRank": 0.1998051921, "DepTreeDepth": 0.2567535768, "_runtime": 1, "_timestamp": 1615508548, "_step": 0}