{"BLEU": 4.9, "SARI": 21.07, "FKGL": 2.64, "loss": 12.714, "nll_loss": 6.656, "warmup_updates": 4000, "parametrization_budget": 256, "beam": 4, "dropout": 0.13249436, "fp16": false, "label_smoothing": 0.88812296, "lr": 0.00867482, "lr_scheduler": "fixed", "max_epoch": 100, "max_tokens": 5000, "optimizer": "adam", "LengthRatio": 0.17038289, "Levenshtein": 0.56711976, "WordRank": 0.15626862, "DepTreeDepth": 0.10089788, "_runtime": 1, "_timestamp": 1615509151, "_step": 0}