{"BLEU": 53.52, "SARI": 33.68, "FKGL": 4.19, "loss": 13.573, "nll_loss": 13.218, "warmup_updates": 4000, "parametrization_budget": 256, "beam": 10, "dropout": 0.89045883, "fp16": false, "label_smoothing": 0.83349251, "lr": 8.69e-06, "lr_scheduler": "fixed", "max_epoch": 100, "max_tokens": 5000, "optimizer": "adam", "LengthRatio": 0.35468904, "Levenshtein": 0.85759259, "WordRank": 0.66461636, "DepTreeDepth": 0.64786919, "_runtime": 2, "_timestamp": 1615509218, "_step": 0}