{"BLEU": 0.28, "SARI": 19.19, "FKGL": 4.05, "loss": 8.213, "nll_loss": 7.427, "warmup_updates": 4000, "parametrization_budget": 256, "beam": 3, "dropout": 0.77077443, "fp16": false, "label_smoothing": 0.09964163, "lr": 0.0504883, "lr_scheduler": "fixed", "max_epoch": 100, "max_tokens": 5000, "optimizer": "adam", "LengthRatio": 0.39033208, "Levenshtein": 0.34190636, "WordRank": 0.98250386, "DepTreeDepth": 0.80155022, "_runtime": 2, "_timestamp": 1615508970, "_step": 0}