{"BLEU": 8.36, "SARI": 21.29, "FKGL": 5.26, "loss": 12.878, "nll_loss": 7.938, "warmup_updates": 4000, "parametrization_budget": 256, "beam": 2, "dropout": 0.6882357, "fp16": false, "label_smoothing": 0.89578045, "lr": 0.09318541, "lr_scheduler": "fixed", "max_epoch": 100, "max_tokens": 5000, "optimizer": "adam", "LengthRatio": 0.31529962, "Levenshtein": 0.89000224, "WordRank": 0.07379145, "DepTreeDepth": 0.92864197, "_runtime": 1, "_timestamp": 1615509046, "_step": 0}