{"BLEU": 0.11, "SARI": 17.0, "FKGL": 4.71, "loss": 5.887, "nll_loss": 0.731, "warmup_updates": 4000, "parametrization_budget": 256, "beam": 5, "dropout": 0.16214279, "fp16": false, "label_smoothing": 0.36510894, "lr": 0.8181394, "lr_scheduler": "fixed", "max_epoch": 100, "max_tokens": 5000, "optimizer": "adam", "LengthRatio": 0.13083068, "Levenshtein": 0.79828917, "WordRank": 0.62415731, "DepTreeDepth": 0.30631058, "_runtime": 1, "_timestamp": 1615509267, "_step": 0}