{"BLEU": 76.21, "SARI": 39.31, "FKGL": 6.98, "loss": 11.127, "nll_loss": 8.107, "warmup_updates": 4000, "parametrization_budget": 256, "beam": 6, "dropout": 0.68999496, "fp16": false, "label_smoothing": 0.50930098, "lr": 0.00774103, "lr_scheduler": "fixed", "max_epoch": 100, "max_tokens": 5000, "optimizer": "adam", "LengthRatio": 0.68442895, "Levenshtein": 0.88102725, "WordRank": 0.78766431, "DepTreeDepth": 0.13107317, "_runtime": 1, "_timestamp": 1615509116, "_step": 0}