{"BLEU": 0.06, "SARI": 18.1, "FKGL": 7.99, "loss": 12.819, "nll_loss": 6.942, "warmup_updates": 4000, "parametrization_budget": 256, "beam": 8, "dropout": 0.79954987, "fp16": false, "label_smoothing": 0.90232821, "lr": 0.59409605, "lr_scheduler": "fixed", "max_epoch": 100, "max_tokens": 5000, "optimizer": "adam", "LengthRatio": 0.95517682, "Levenshtein": 0.90439238, "WordRank": 0.57794909, "DepTreeDepth": 0.43473388, "_runtime": 1, "_timestamp": 1615508941, "_step": 0}