{"BLEU": 2.84, "SARI": 21.5, "FKGL": 5.85, "loss": 10.457, "nll_loss": 9.03, "warmup_updates": 4000, "parametrization_budget": 256, "beam": 6, "dropout": 0.67556399, "fp16": false, "label_smoothing": 0.27835362, "lr": 0.00092447, "lr_scheduler": "fixed", "max_epoch": 100, "max_tokens": 5000, "optimizer": "adam", "LengthRatio": 0.97587254, "Levenshtein": 0.01074984, "WordRank": 0.06045033, "DepTreeDepth": 0.84794675, "_runtime": 1, "_timestamp": 1615508823, "_step": 0}