{"BLEU": 39.78, "SARI": 33.62, "FKGL": 5.18, "loss": 13.24, "nll_loss": 13.015, "warmup_updates": 4000, "parametrization_budget": 256, "beam": 2, "dropout": 0.89313671, "fp16": false, "label_smoothing": 0.35893463, "lr": 0.00076858, "lr_scheduler": "fixed", "max_epoch": 100, "max_tokens": 5000, "optimizer": "adam", "LengthRatio": 0.71346224, "Levenshtein": 0.50482229, "WordRank": 0.9018636, "DepTreeDepth": 0.48265917, "_runtime": 2, "_timestamp": 1615508887, "_step": 0}