{"BLEU": 13.33, "SARI": 24.31, "FKGL": 2.72, "loss": 8.588, "nll_loss": 6.666, "warmup_updates": 4000, "parametrization_budget": 256, "beam": 7, "dropout": 0.004498881225, "fp16": false, "label_smoothing": 0.2471408182, "lr": 0.000372, "lr_scheduler": "fixed", "max_epoch": 100, "max_tokens": 5000, "optimizer": "adam", "LengthRatio": 0.4676413059, "Levenshtein": 0.3957344903, "WordRank": 0.3284207612, "DepTreeDepth": 0.8480194938, "_runtime": 1, "_timestamp": 1615508747, "_step": 0}