{"BLEU": 0.11, "SARI": 17.02, "FKGL": 4.75, "loss": 1.985, "nll_loss": 0.448, "warmup_updates": 4000, "parametrization_budget": 256, "beam": 8, "dropout": 0.52267883, "fp16": false, "label_smoothing": 0.09006938, "lr": 0.88567111, "lr_scheduler": "fixed", "max_epoch": 100, "max_tokens": 5000, "optimizer": "adam", "LengthRatio": 0.13697385, "Levenshtein": 0.71497269, "WordRank": 0.40850312, "DepTreeDepth": 0.58110205, "_runtime": 1, "_timestamp": 1615508928, "_step": 0}