{"BLEU": 7.95, "SARI": 22.85, "FKGL": 1.28, "loss": 10.922, "nll_loss": 8.288, "warmup_updates": 4000, "parametrization_budget": 256, "beam": 10, "dropout": 0.2298748, "fp16": false, "label_smoothing": 0.44894362, "lr": 4.56e-05, "lr_scheduler": "fixed", "max_epoch": 100, "max_tokens": 5000, "optimizer": "adam", "LengthRatio": 0.13532296, "Levenshtein": 0.59381143, "WordRank": 0.74013276, "DepTreeDepth": 0.14132614, "_runtime": 1, "_timestamp": 1615509274, "_step": 0}