{"BLEU": 0.22, "SARI": 16.98, "FKGL": 2.71, "loss": 5.248, "nll_loss": 1.475, "warmup_updates": 4000, "parametrization_budget": 256, "beam": 9, "dropout": 0.3004867292, "fp16": false, "label_smoothing": 0.2692119093, "lr": 0.07442983954, "lr_scheduler": "fixed", "max_epoch": 100, "max_tokens": 5000, "optimizer": "adam", "LengthRatio": 0.1509134857, "Levenshtein": 0.3721666403, "WordRank": 0.9860599389, "DepTreeDepth": 0.7537684245, "_runtime": 2, "_timestamp": 1615508648, "_step": 0}