{"BLEU": 51.71, "SARI": 33.34, "FKGL": 4.3, "loss": 12.959, "nll_loss": 8.708, "warmup_updates": 4000, "parametrization_budget": 256, "beam": 10, "dropout": 0.28798755, "fp16": false, "label_smoothing": 0.86040439, "lr": 0.00059056, "lr_scheduler": "fixed", "max_epoch": 100, "max_tokens": 5000, "optimizer": "adam", "LengthRatio": 0.37582723, "Levenshtein": 0.87897385, "WordRank": 0.47112575, "DepTreeDepth": 0.07134481, "_runtime": 1, "_timestamp": 1615509225, "_step": 0}