{"BLEU": 5.08, "SARI": 21.14, "FKGL": 0.0, "loss": 11.388, "nll_loss": 10.353, "warmup_updates": 4000, "parametrization_budget": 256, "beam": 4, "dropout": 0.83868252, "fp16": false, "label_smoothing": 0.28384515, "lr": 0.00991423, "lr_scheduler": "fixed", "max_epoch": 100, "max_tokens": 5000, "optimizer": "adam", "LengthRatio": 0.19431769, "Levenshtein": 0.31172264, "WordRank": 0.27725618, "DepTreeDepth": 0.04438021, "_runtime": 2, "_timestamp": 1615509103, "_step": 0}