{"BLEU": 0.03, "SARI": 16.52, "FKGL": 7.98, "loss": 6.598, "nll_loss": 4.001, "warmup_updates": 4000, "parametrization_budget": 256, "beam": 8, "dropout": 0.79154986, "fp16": false, "label_smoothing": 0.2229814, "lr": 0.41749018, "lr_scheduler": "fixed", "max_epoch": 100, "max_tokens": 5000, "optimizer": "adam", "LengthRatio": 0.30100391, "Levenshtein": 0.05739326, "WordRank": 0.37027372, "DepTreeDepth": 0.7280664, "_runtime": 1, "_timestamp": 1615509032, "_step": 0}