{"BLEU": 65.42, "SARI": 34.36, "FKGL": 5.96, "loss": 13.313, "nll_loss": 12.423, "warmup_updates": 4000, "parametrization_budget": 256, "beam": 2, "dropout": 0.8111013786, "fp16": false, "label_smoothing": 0.7299046992, "lr": 0.0001340206356, "lr_scheduler": "fixed", "max_epoch": 100, "max_tokens": 5000, "optimizer": "adam", "LengthRatio": 0.3118878881, "Levenshtein": 0.4605215034, "WordRank": 0.6143113033, "DepTreeDepth": 0.5499777761, "_runtime": 1, "_timestamp": 1615508728, "_step": 0}