{"BLEU": 10.88, "SARI": 22.66, "FKGL": 6.14, "loss": 12.65, "nll_loss": 4.753, "warmup_updates": 4000, "parametrization_budget": 256, "beam": 3, "dropout": 0.03868992, "fp16": false, "label_smoothing": 0.90619279, "lr": 0.03526516, "lr_scheduler": "fixed", "max_epoch": 100, "max_tokens": 5000, "optimizer": "adam", "LengthRatio": 0.60638215, "Levenshtein": 0.54247907, "WordRank": 0.54473907, "DepTreeDepth": 0.83417006, "_runtime": 2, "_timestamp": 1615508915, "_step": 0}