{"BLEU": 40.28, "SARI": 31.69, "FKGL": 3.22, "loss": 13.563, "nll_loss": 13.434, "warmup_updates": 4000, "parametrization_budget": 256, "beam": 5, "dropout": 0.94737203, "fp16": false, "label_smoothing": 0.55595266, "lr": 8.92e-05, "lr_scheduler": "fixed", "max_epoch": 100, "max_tokens": 5000, "optimizer": "adam", "LengthRatio": 0.45669325, "Levenshtein": 0.62108613, "WordRank": 0.49623694, "DepTreeDepth": 0.58674505, "_runtime": 2, "_timestamp": 1615509138, "_step": 0}