{"BLEU": 3.16, "SARI": 20.22, "FKGL": 2.31, "loss": 10.024, "nll_loss": 7.387, "warmup_updates": 4000, "parametrization_budget": 256, "beam": 6, "dropout": 0.4275919738, "fp16": false, "label_smoothing": 0.3850856899, "lr": 0.0008737864637, "lr_scheduler": "fixed", "max_epoch": 100, "max_tokens": 5000, "optimizer": "adam", "LengthRatio": 0.8108910589, "Levenshtein": 0.1311517655, "WordRank": 0.6113871414, "DepTreeDepth": 0.03295271034, "_runtime": 1, "_timestamp": 1615508599, "_step": 0}