{"BLEU": 19.67, "SARI": 25.66, "FKGL": 5.22, "loss": 10.407, "nll_loss": 3.707, "warmup_updates": 4000, "parametrization_budget": 256, "beam": 10, "dropout": 0.07734624997, "fp16": false, "label_smoothing": 0.6506375945, "lr": 0.004842012779, "lr_scheduler": "fixed", "max_epoch": 100, "max_tokens": 5000, "optimizer": "adam", "LengthRatio": 0.4121164627, "Levenshtein": 0.2658442887, "WordRank": 0.8911205713, "DepTreeDepth": 0.9351449632, "_runtime": 2, "_timestamp": 1615508577, "_step": 0}