{"BLEU": 0.61, "SARI": 17.43, "FKGL": 4.35, "loss": 3.734, "nll_loss": 1.037, "warmup_updates": 4000, "parametrization_budget": 256, "beam": 7, "dropout": 0.32450771, "fp16": false, "label_smoothing": 0.17771143, "lr": 0.11650328, "lr_scheduler": "fixed", "max_epoch": 100, "max_tokens": 5000, "optimizer": "adam", "LengthRatio": 0.14128857, "Levenshtein": 0.65551809, "WordRank": 0.61192428, "DepTreeDepth": 0.72281874, "_runtime": 1, "_timestamp": 1615508872, "_step": 0}