{"BLEU": 27.92, "SARI": 27.85, "FKGL": 3.05, "loss": 12.154, "nll_loss": 10.385, "warmup_updates": 4000, "parametrization_budget": 256, "beam": 4, "dropout": 0.59173519, "fp16": false, "label_smoothing": 0.50998938, "lr": 0.00019929, "lr_scheduler": "fixed", "max_epoch": 100, "max_tokens": 5000, "optimizer": "adam", "LengthRatio": 0.22282223, "Levenshtein": 0.89636138, "WordRank": 0.08322434, "DepTreeDepth": 0.23739514, "_runtime": 1, "_timestamp": 1615508984, "_step": 0}