{"BLEU": 62.03, "SARI": 33.5, "FKGL": 5.65, "loss": 7.948, "nll_loss": 7.498, "warmup_updates": 4000, "parametrization_budget": 256, "beam": 10, "dropout": 0.3667020557, "fp16": false, "label_smoothing": 0.06526608284, "lr": 0.00051, "lr_scheduler": "fixed", "max_epoch": 100, "max_tokens": 5000, "optimizer": "adam", "LengthRatio": 0.6139122306, "Levenshtein": 0.9748193021, "WordRank": 0.8144506607, "DepTreeDepth": 0.8771008592, "_runtime": 2, "_timestamp": 1615508715, "_step": 0}