{"BLEU": 0.03, "SARI": 16.93, "FKGL": 5.72, "loss": 5.097, "nll_loss": 1.346, "warmup_updates": 4000, "parametrization_budget": 256, "beam": 3, "dropout": 0.70522054, "fp16": false, "label_smoothing": 0.26186191, "lr": 0.91603093, "lr_scheduler": "fixed", "max_epoch": 100, "max_tokens": 5000, "optimizer": "adam", "LengthRatio": 0.30232767, "Levenshtein": 0.19582555, "WordRank": 0.05649772, "DepTreeDepth": 0.53434254, "_runtime": 2, "_timestamp": 1615509005, "_step": 0}