{"BLEU": 47.35, "SARI": 32.9, "FKGL": 5.25, "loss": 10.62, "nll_loss": 2.249, "warmup_updates": 4000, "parametrization_budget": 256, "beam": 6, "dropout": 0.19579277, "fp16": false, "label_smoothing": 0.72300244, "lr": 0.1967915, "lr_scheduler": "fixed", "max_epoch": 100, "max_tokens": 5000, "optimizer": "adam", "LengthRatio": 0.66708882, "Levenshtein": 0.87146707, "WordRank": 0.36505472, "DepTreeDepth": 0.99967216, "_runtime": 2, "_timestamp": 1615508817, "_step": 0}