{"BLEU": 29.12, "SARI": 31.21, "FKGL": 6.37, "loss": 10.593, "nll_loss": 7.045, "warmup_updates": 4000, "parametrization_budget": 256, "beam": 10, "dropout": 0.65657163, "fp16": false, "label_smoothing": 0.49758766, "lr": 0.03067013, "lr_scheduler": "fixed", "max_epoch": 100, "max_tokens": 5000, "optimizer": "adam", "LengthRatio": 0.77612509, "Levenshtein": 0.80204489, "WordRank": 0.32901343, "DepTreeDepth": 0.93510588, "_runtime": 2, "_timestamp": 1615509261, "_step": 0}