{"BLEU": 19.6, "SARI": 26.11, "FKGL": 1.9, "loss": 12.936, "nll_loss": 10.603, "warmup_updates": 4000, "parametrization_budget": 256, "beam": 5, "dropout": 0.70307358, "fp16": false, "label_smoothing": 0.79881453, "lr": 0.00332587, "lr_scheduler": "fixed", "max_epoch": 100, "max_tokens": 5000, "optimizer": "adam", "LengthRatio": 0.2022316, "Levenshtein": 0.85884389, "WordRank": 0.08062968, "DepTreeDepth": 0.6712436, "_runtime": 1, "_timestamp": 1615509019, "_step": 0}