{"BLEU": 0.01, "SARI": 16.65, "FKGL": 5.38, "loss": 1.488, "nll_loss": 0.31, "warmup_updates": 4000, "parametrization_budget": 256, "beam": 6, "dropout": 0.42013247, "fp16": false, "label_smoothing": 0.06671906, "lr": 0.64614524, "lr_scheduler": "fixed", "max_epoch": 100, "max_tokens": 5000, "optimizer": "adam", "LengthRatio": 0.60120153, "Levenshtein": 0.12109188, "WordRank": 0.1868962, "DepTreeDepth": 0.26484255, "_runtime": 1, "_timestamp": 1615509173, "_step": 0}