{"BLEU": 19.78, "SARI": 26.4, "FKGL": 1.53, "loss": 11.219, "nll_loss": 9.618, "warmup_updates": 4000, "parametrization_budget": 256, "beam": 5, "dropout": 0.45046914, "fp16": false, "label_smoothing": 0.36595102, "lr": 5.76e-05, "lr_scheduler": "fixed", "max_epoch": 100, "max_tokens": 5000, "optimizer": "adam", "LengthRatio": 0.26382662, "Levenshtein": 0.43173501, "WordRank": 0.77320536, "DepTreeDepth": 0.22853332, "_runtime": 2, "_timestamp": 1615509182, "_step": 0}