{"BLEU": 8.23, "SARI": 21.21, "FKGL": 4.99, "loss": 8.522, "nll_loss": 3.142, "warmup_updates": 4000, "parametrization_budget": 256, "beam": 8, "dropout": 0.5897419155, "fp16": false, "label_smoothing": 0.4708618637, "lr": 0.0433, "lr_scheduler": "fixed", "max_epoch": 100, "max_tokens": 5000, "optimizer": "adam", "LengthRatio": 0.2108068439, "Levenshtein": 0.02503006336, "WordRank": 0.02789154523, "DepTreeDepth": 0.1765008295, "_runtime": 1, "_timestamp": 1615508721, "_step": 0}