{"BLEU": 0.05, "SARI": 16.93, "FKGL": 3.53, "loss": 5.63, "nll_loss": 0.873, "warmup_updates": 4000, "parametrization_budget": 256, "beam": 8, "dropout": 0.4421466, "fp16": false, "label_smoothing": 0.33436069, "lr": 0.90108779, "lr_scheduler": "fixed", "max_epoch": 100, "max_tokens": 5000, "optimizer": "adam", "LengthRatio": 0.15125791, "Levenshtein": 0.32163712, "WordRank": 0.29142916, "DepTreeDepth": 0.96002894, "_runtime": 2, "_timestamp": 1615509124, "_step": 0}