{"BLEU": 0.0, "SARI": 16.46, "FKGL": 0.0, "loss": 1.546, "nll_loss": 0.834, "warmup_updates": 4000, "parametrization_budget": 256, "beam": 5, "dropout": 0.08308583853, "fp16": false, "label_smoothing": 0.04192439369, "lr": 0.02122809225, "lr_scheduler": "fixed", "max_epoch": 100, "max_tokens": 5000, "optimizer": "adam", "LengthRatio": 0.05641711428, "Levenshtein": 0.002900469033, "WordRank": 0.4561008139, "DepTreeDepth": 0.09611439659, "_runtime": 2, "_timestamp": 1615508676, "_step": 0}