{"BLEU": 10.87, "SARI": 23.57, "FKGL": 0.63, "loss": 13.514, "nll_loss": 13.499, "warmup_updates": 4000, "parametrization_budget": 256, "beam": 9, "dropout": 0.95804862, "fp16": false, "label_smoothing": 0.08662389, "lr": 0.0002238, "lr_scheduler": "fixed", "max_epoch": 100, "max_tokens": 5000, "optimizer": "adam", "LengthRatio": 0.18324061, "Levenshtein": 0.52614829, "WordRank": 0.47778174, "DepTreeDepth": 0.92417054, "_runtime": 1, "_timestamp": 1615508844, "_step": 0}