{"BLEU": 0.06, "SARI": 17.23, "FKGL": 7.28, "loss": 10.807, "nll_loss": 2.082, "warmup_updates": 4000, "parametrization_budget": 256, "beam": 6, "dropout": 0.01045068, "fp16": false, "label_smoothing": 0.74917123, "lr": 0.84927974, "lr_scheduler": "fixed", "max_epoch": 100, "max_tokens": 5000, "optimizer": "adam", "LengthRatio": 0.75029751, "Levenshtein": 0.01386792, "WordRank": 0.75862961, "DepTreeDepth": 0.49471907, "_runtime": 2, "_timestamp": 1615508991, "_step": 0}