{"BLEU": 12.9, "SARI": 25.21, "FKGL": 4.27, "loss": 13.31, "nll_loss": 12.194, "warmup_updates": 4000, "parametrization_budget": 256, "beam": 2, "dropout": 0.94425155, "fp16": false, "label_smoothing": 0.79952716, "lr": 0.08098194, "lr_scheduler": "fixed", "max_epoch": 100, "max_tokens": 5000, "optimizer": "adam", "LengthRatio": 0.66491667, "Levenshtein": 0.47742903, "WordRank": 0.4070788, "DepTreeDepth": 0.82047997, "_runtime": 1, "_timestamp": 1615509281, "_step": 0}