{"BLEU": 0.06, "SARI": 16.94, "FKGL": 6.77, "loss": 2.013, "nll_loss": 0.198, "warmup_updates": 4000, "parametrization_budget": 256, "beam": 4, "dropout": 0.05182363, "fp16": false, "label_smoothing": 0.10986732, "lr": 0.71180377, "lr_scheduler": "fixed", "max_epoch": 100, "max_tokens": 5000, "optimizer": "adam", "LengthRatio": 0.83069656, "Levenshtein": 0.12886225, "WordRank": 0.99039729, "DepTreeDepth": 0.36069929, "_runtime": 1, "_timestamp": 1615509232, "_step": 0}