{"BLEU": 35.0, "SARI": 29.97, "FKGL": 2.63, "loss": 13.265, "nll_loss": 11.245, "warmup_updates": 4000, "parametrization_budget": 256, "beam": 6, "dropout": 0.6104809659, "fp16": false, "label_smoothing": 0.9369675722, "lr": 0.0005986777575, "lr_scheduler": "fixed", "max_epoch": 100, "max_tokens": 5000, "optimizer": "adam", "LengthRatio": 0.539920209, "Levenshtein": 0.2066526861, "WordRank": 0.04925666583, "DepTreeDepth": 0.7380466885, "_runtime": 1, "_timestamp": 1615508734, "_step": 0}