{"BLEU": 35.94, "SARI": 30.68, "FKGL": 3.38, "loss": 12.396, "nll_loss": 8.505, "warmup_updates": 4000, "parametrization_budget": 256, "beam": 10, "dropout": 0.237997415, "fp16": false, "label_smoothing": 0.7024726142, "lr": 8.33e-05, "lr_scheduler": "fixed", "max_epoch": 100, "max_tokens": 5000, "optimizer": "adam", "LengthRatio": 0.4554751427, "Levenshtein": 0.5262090453, "WordRank": 0.3393337704, "DepTreeDepth": 0.2131928724, "_runtime": 1, "_timestamp": 1615508661, "_step": 0}