{"BLEU": 0.69, "SARI": 18.56, "FKGL": 0.0, "loss": 12.365, "nll_loss": 12.177, "warmup_updates": 4000, "parametrization_budget": 256, "beam": 8, "dropout": 0.8118013061, "fp16": false, "label_smoothing": 0.12514394, "lr": 0.0001935085716, "lr_scheduler": "fixed", "max_epoch": 100, "max_tokens": 5000, "optimizer": "adam", "LengthRatio": 0.5882587169, "Levenshtein": 0.05873941714, "WordRank": 0.2876392712, "DepTreeDepth": 0.5185761296, "_runtime": 1, "_timestamp": 1615508634, "_step": 0}