{"BLEU": 33.64, "SARI": 32.46, "FKGL": 4.58, "loss": 12.41, "nll_loss": 8.966, "warmup_updates": 4000, "parametrization_budget": 256, "beam": 9, "dropout": 0.2981082026, "fp16": false, "label_smoothing": 0.6710573509, "lr": 6.61e-06, "lr_scheduler": "fixed", "max_epoch": 100, "max_tokens": 5000, "optimizer": "adam", "LengthRatio": 0.5213216092, "Levenshtein": 0.5156034093, "WordRank": 0.7032578445, "DepTreeDepth": 0.2443265428, "_runtime": 2, "_timestamp": 1615508627, "_step": 0}