{"BLEU": 31.73, "SARI": 28.82, "FKGL": 3.16, "loss": 13.511, "nll_loss": 12.081, "warmup_updates": 4000, "parametrization_budget": 256, "beam": 10, "dropout": 0.7238570142, "fp16": false, "label_smoothing": 0.9026433882, "lr": 6.61e-05, "lr_scheduler": "fixed", "max_epoch": 100, "max_tokens": 5000, "optimizer": "adam", "LengthRatio": 0.2920161306, "Levenshtein": 0.5219170715, "WordRank": 0.8765215331, "DepTreeDepth": 0.5288379739, "_runtime": 1, "_timestamp": 1615508568, "_step": 0}