{"BLEU": 0.0, "SARI": 16.19, "FKGL": 8.4, "loss": 8.564, "nll_loss": 7.973, "warmup_updates": 4000, "parametrization_budget": 256, "beam": 9, "dropout": 0.96619948, "fp16": false, "label_smoothing": 0.06982306, "lr": 0.64955151, "lr_scheduler": "fixed", "max_epoch": 100, "max_tokens": 5000, "optimizer": "adam", "LengthRatio": 0.29785367, "Levenshtein": 0.56565438, "WordRank": 0.09874995, "DepTreeDepth": 0.68509313, "_runtime": 2, "_timestamp": 1615509240, "_step": 0}