{"BLEU": 18.08, "SARI": 26.13, "FKGL": 4.37, "loss": 11.89, "nll_loss": 8.119, "warmup_updates": 4000, "parametrization_budget": 256, "beam": 3, "dropout": 0.5677901387, "fp16": false, "label_smoothing": 0.6664364832, "lr": 0.00260139609, "lr_scheduler": "fixed", "max_epoch": 100, "max_tokens": 5000, "optimizer": "adam", "LengthRatio": 0.6220164075, "Levenshtein": 0.4957155139, "WordRank": 0.3342536825, "DepTreeDepth": 0.3128226745, "_runtime": 1, "_timestamp": 1615508641, "_step": 0}