{"BLEU": 93.39, "SARI": 35.98, "FKGL": 8.87, "loss": 10.772, "nll_loss": 7.823, "warmup_updates": 4000, "parametrization_budget": 256, "beam": 7, "dropout": 0.45184119, "fp16": false, "label_smoothing": 0.47344952, "lr": 0.00050489, "lr_scheduler": "fixed", "max_epoch": 100, "max_tokens": 5000, "optimizer": "adam", "LengthRatio": 0.91509179, "Levenshtein": 0.92719215, "WordRank": 0.28419045, "DepTreeDepth": 0.1381349, "_runtime": 1, "_timestamp": 1615509067, "_step": 0}