{"BLEU": 2.11, "SARI": 18.96, "FKGL": 0.0, "loss": 13.664, "nll_loss": 13.406, "warmup_updates": 4000, "parametrization_budget": 256, "beam": 10, "dropout": 0.9786126552, "fp16": false, "label_smoothing": 0.8820746416, "lr": 0.07061620477, "lr_scheduler": "fixed", "max_epoch": 100, "max_tokens": 5000, "optimizer": "adam", "LengthRatio": 0.2259902572, "Levenshtein": 0.1818283819, "WordRank": 0.1700800818, "DepTreeDepth": 0.1582875628, "_runtime": 1, "_timestamp": 1615508760, "_step": 0}