{"BLEU": 14.24, "SARI": 24.86, "FKGL": 3.2, "loss": 10.453, "nll_loss": 8.149, "warmup_updates": 4000, "parametrization_budget": 256, "beam": 9, "dropout": 0.10088767, "fp16": false, "label_smoothing": 0.37751891, "lr": 6.63e-06, "lr_scheduler": "fixed", "max_epoch": 100, "max_tokens": 5000, "optimizer": "adam", "LengthRatio": 0.49022569, "Levenshtein": 0.38977797, "WordRank": 0.55371165, "DepTreeDepth": 0.73349992, "_runtime": 1, "_timestamp": 1615508851, "_step": 0}