{"BLEU": 68.81, "SARI": 35.65, "FKGL": 6.29, "loss": 12.097, "nll_loss": 9.349, "warmup_updates": 4000, "parametrization_budget": 256, "beam": 9, "dropout": 0.39620129, "fp16": false, "label_smoothing": 0.58710585, "lr": 2.82e-05, "lr_scheduler": "fixed", "max_epoch": 100, "max_tokens": 5000, "optimizer": "adam", "LengthRatio": 0.49937193, "Levenshtein": 0.89935331, "WordRank": 0.22783762, "DepTreeDepth": 0.00915672, "_runtime": 2, "_timestamp": 1615508837, "_step": 0}