{"BLEU": 2.84, "SARI": 21.09, "FKGL": 2.33, "loss": 13.433, "nll_loss": 12.213, "warmup_updates": 4000, "parametrization_budget": 256, "beam": 3, "dropout": 0.7350750005, "fp16": false, "label_smoothing": 0.8246135708, "lr": 3.39e-05, "lr_scheduler": "fixed", "max_epoch": 100, "max_tokens": 5000, "optimizer": "adam", "LengthRatio": 0.03508831795, "Levenshtein": 0.94194551, "WordRank": 0.9143560629, "DepTreeDepth": 0.2582974531, "_runtime": 1, "_timestamp": 1615508586, "_step": 0}