{"BLEU": 8.79, "SARI": 23.59, "FKGL": 4.46, "loss": 12.835, "nll_loss": 11.648, "warmup_updates": 4000, "parametrization_budget": 256, "beam": 10, "dropout": 0.67116969, "fp16": false, "label_smoothing": 0.56127109, "lr": 4.45e-06, "lr_scheduler": "fixed", "max_epoch": 100, "max_tokens": 5000, "optimizer": "adam", "LengthRatio": 0.70041028, "Levenshtein": 0.36165825, "WordRank": 0.29345092, "DepTreeDepth": 0.00429993, "_runtime": 2, "_timestamp": 1615509026, "_step": 0}