{"BLEU": 9.26, "SARI": 23.18, "FKGL": 2.12, "loss": 8.513, "nll_loss": 5.541, "warmup_updates": 4000, "parametrization_budget": 256, "beam": 6, "dropout": 0.20833712, "fp16": false, "label_smoothing": 0.32629871, "lr": 0.00549168, "lr_scheduler": "fixed", "max_epoch": 100, "max_tokens": 5000, "optimizer": "adam", "LengthRatio": 0.16343738, "Levenshtein": 0.82871444, "WordRank": 0.58154612, "DepTreeDepth": 0.57904462, "_runtime": 1, "_timestamp": 1615508879, "_step": 0}