{"BLEU": 0.04, "SARI": 16.64, "FKGL": 6.09, "loss": 4.609, "nll_loss": 1.16, "warmup_updates": 4000, "parametrization_budget": 256, "beam": 3, "dropout": 0.8049331052, "fp16": false, "label_smoothing": 0.2348204677, "lr": 0.844882854, "lr_scheduler": "fixed", "max_epoch": 100, "max_tokens": 5000, "optimizer": "adam", "LengthRatio": 0.2388859375, "Levenshtein": 0.4400396482, "WordRank": 0.7883858957, "DepTreeDepth": 0.5998447833, "_runtime": 2, "_timestamp": 1615508768, "_step": 0}