{"BLEU": 14.07, "SARI": 24.35, "FKGL": 1.93, "loss": 13.044, "nll_loss": 9.6, "warmup_updates": 4000, "parametrization_budget": 256, "beam": 8, "dropout": 0.45346941, "fp16": false, "label_smoothing": 0.89385424, "lr": 0.00141967, "lr_scheduler": "fixed", "max_epoch": 100, "max_tokens": 5000, "optimizer": "adam", "LengthRatio": 0.37400342, "Levenshtein": 0.35448073, "WordRank": 0.11370301, "DepTreeDepth": 0.74399132, "_runtime": 1, "_timestamp": 1615508830, "_step": 0}