{"BLEU": 73.45, "SARI": 37.21, "FKGL": 8.13, "loss": 9.663, "nll_loss": 8.34, "warmup_updates": 4000, "parametrization_budget": 256, "beam": 2, "dropout": 0.70181615, "fp16": false, "label_smoothing": 0.21560961, "lr": 0.00356229, "lr_scheduler": "fixed", "max_epoch": 100, "max_tokens": 5000, "optimizer": "adam", "LengthRatio": 0.87045221, "Levenshtein": 0.95821927, "WordRank": 0.13094421, "DepTreeDepth": 0.07176892, "_runtime": 2, "_timestamp": 1615509060, "_step": 0}