{"BLEU": 0.02, "SARI": 16.58, "FKGL": 5.58, "loss": 4.933, "nll_loss": 0.599, "warmup_updates": 4000, "parametrization_budget": 256, "beam": 8, "dropout": 0.30179148, "fp16": false, "label_smoothing": 0.29660231, "lr": 0.67340151, "lr_scheduler": "fixed", "max_epoch": 100, "max_tokens": 5000, "optimizer": "adam", "LengthRatio": 0.65399205, "Levenshtein": 0.05044484, "WordRank": 0.87398865, "DepTreeDepth": 0.51054472, "_runtime": 1, "_timestamp": 1615508977, "_step": 0}