{"BLEU": 22.47, "SARI": 26.85, "FKGL": 2.19, "loss": 8.968, "nll_loss": 8.805, "warmup_updates": 4000, "parametrization_budget": 256, "beam": 8, "dropout": 0.2417230781, "fp16": false, "label_smoothing": 0.0305907889, "lr": 8.04e-06, "lr_scheduler": "fixed", "max_epoch": 100, "max_tokens": 5000, "optimizer": "adam", "LengthRatio": 0.2197857669, "Levenshtein": 0.8410296896, "WordRank": 0.8072293116, "DepTreeDepth": 0.7928430835, "_runtime": 1, "_timestamp": 1615508606, "_step": 0}