{"BLEU": 78.41, "SARI": 36.38, "FKGL": 7.64, "loss": 8.163, "nll_loss": 6.733, "warmup_updates": 4000, "parametrization_budget": 256, "beam": 6, "dropout": 0.0019111, "fp16": false, "label_smoothing": 0.1842759, "lr": 0.00062345, "lr_scheduler": "fixed", "max_epoch": 100, "max_tokens": 5000, "optimizer": "adam", "LengthRatio": 0.71542118, "Levenshtein": 0.90897054, "WordRank": 0.04438314, "DepTreeDepth": 0.45284486, "_runtime": 1, "_timestamp": 1615508803, "_step": 0}