{"BLEU": 2.17, "SARI": 19.52, "FKGL": 0.0, "loss": 13.25, "nll_loss": 11.76, "warmup_updates": 4000, "parametrization_budget": 256, "beam": 2, "dropout": 0.8666983928, "fp16": false, "label_smoothing": 0.9081146815, "lr": 0.002955943963, "lr_scheduler": "fixed", "max_epoch": 100, "max_tokens": 5000, "optimizer": "adam", "LengthRatio": 0.3458210724, "Levenshtein": 0.1795067058, "WordRank": 0.2819630353, "DepTreeDepth": 0.1260319756, "_runtime": 1, "_timestamp": 1615508708, "_step": 0}