{"BLEU": 17.53, "SARI": 26.16, "FKGL": 3.81, "loss": 13.243, "nll_loss": 12.866, "warmup_updates": 4000, "parametrization_budget": 256, "beam": 10, "dropout": 0.84807478, "fp16": false, "label_smoothing": 0.48367467, "lr": 0.00029001, "lr_scheduler": "fixed", "max_epoch": 100, "max_tokens": 5000, "optimizer": "adam", "LengthRatio": 0.54737883, "Levenshtein": 0.38987075, "WordRank": 0.92360786, "DepTreeDepth": 0.23928958, "_runtime": 2, "_timestamp": 1615508908, "_step": 0}