{"BLEU": 58.9, "SARI": 34.39, "FKGL": 7.22, "loss": 3.103, "nll_loss": 1.375, "warmup_updates": 4000, "parametrization_budget": 256, "beam": 7, "dropout": 0.31647263, "fp16": false, "label_smoothing": 0.11309436, "lr": 0.06789796, "lr_scheduler": "fixed", "max_epoch": 100, "max_tokens": 5000, "optimizer": "adam", "LengthRatio": 0.63566559, "Levenshtein": 0.76770386, "WordRank": 0.14912233, "DepTreeDepth": 0.2258697, "_runtime": 2, "_timestamp": 1615508935, "_step": 0}