{"BLEU": 68.5, "SARI": 35.98, "FKGL": 6.21, "loss": 13.597, "nll_loss": 13.108, "warmup_updates": 4000, "parametrization_budget": 256, "beam": 8, "dropout": 0.8717565778, "fp16": false, "label_smoothing": 0.9370152085, "lr": 4.14e-05, "lr_scheduler": "fixed", "max_epoch": 100, "max_tokens": 5000, "optimizer": "adam", "LengthRatio": 0.5269803796, "Levenshtein": 0.8288209789, "WordRank": 0.2369563687, "DepTreeDepth": 0.6966610232, "_runtime": 1, "_timestamp": 1615508753, "_step": 0}