{"BLEU": 2.51, "SARI": 19.77, "FKGL": 0.9, "loss": 13.211, "nll_loss": 11.016, "warmup_updates": 4000, "parametrization_budget": 256, "beam": 10, "dropout": 0.75575028, "fp16": false, "label_smoothing": 0.93973913, "lr": 0.02074248, "lr_scheduler": "fixed", "max_epoch": 100, "max_tokens": 5000, "optimizer": "adam", "LengthRatio": 0.2450982, "Levenshtein": 0.34439626, "WordRank": 0.61800777, "DepTreeDepth": 0.39238943, "_runtime": 2, "_timestamp": 1615508998, "_step": 0}