{"BLEU": 1.79, "SARI": 18.88, "FKGL": 0.0, "loss": 9.276, "nll_loss": 8.195, "warmup_updates": 4000, "parametrization_budget": 256, "beam": 5, "dropout": 0.04625198, "fp16": false, "label_smoothing": 0.17759434, "lr": 0.00015014, "lr_scheduler": "fixed", "max_epoch": 100, "max_tokens": 5000, "optimizer": "adam", "LengthRatio": 0.57136656, "Levenshtein": 0.16545591, "WordRank": 0.94864959, "DepTreeDepth": 0.83826385, "_runtime": 1, "_timestamp": 1615509053, "_step": 0}