{"BLEU": 47.4, "SARI": 32.18, "FKGL": 4.11, "loss": 13.738, "nll_loss": 13.718, "warmup_updates": 4000, "parametrization_budget": 256, "beam": 2, "dropout": 0.98750562, "fp16": false, "label_smoothing": 0.46029549, "lr": 0.04667679, "lr_scheduler": "fixed", "max_epoch": 100, "max_tokens": 5000, "optimizer": "adam", "LengthRatio": 0.32923789, "Levenshtein": 0.8151281, "WordRank": 0.84981755, "DepTreeDepth": 0.50359414, "_runtime": 1, "_timestamp": 1615509039, "_step": 0}