{"BLEU": 2.76, "SARI": 19.37, "FKGL": 0.0, "loss": 13.659, "nll_loss": 13.541, "warmup_updates": 4000, "parametrization_budget": 256, "beam": 7, "dropout": 0.9635695046, "fp16": false, "label_smoothing": 0.8009689828, "lr": 0.0004552070442, "lr_scheduler": "fixed", "max_epoch": 100, "max_tokens": 5000, "optimizer": "adam", "LengthRatio": 0.3290243548, "Levenshtein": 0.1858767436, "WordRank": 0.7617343422, "DepTreeDepth": 0.3553320092, "_runtime": 1, "_timestamp": 1615508740, "_step": 0}