{"BLEU": 0.11, "SARI": 17.82, "FKGL": 9.53, "loss": 11.839, "nll_loss": 3.427, "warmup_updates": 4000, "parametrization_budget": 256, "beam": 6, "dropout": 0.4623505066, "fp16": false, "label_smoothing": 0.8252463506, "lr": 0.5039566026, "lr_scheduler": "fixed", "max_epoch": 100, "max_tokens": 5000, "optimizer": "adam", "LengthRatio": 0.8285932696, "Levenshtein": 0.2630934297, "WordRank": 0.122573519, "DepTreeDepth": 0.1026336712, "_runtime": 1, "_timestamp": 1615508701, "_step": 0}