{"BLEU": 0.2, "SARI": 18.29, "FKGL": 3.71, "loss": 4.947, "nll_loss": 2.084, "warmup_updates": 4000, "parametrization_budget": 256, "beam": 8, "dropout": 0.72950213, "fp16": false, "label_smoothing": 0.20492504, "lr": 0.59500067, "lr_scheduler": "fixed", "max_epoch": 100, "max_tokens": 5000, "optimizer": "adam", "LengthRatio": 0.58253574, "Levenshtein": 0.67325041, "WordRank": 0.31068905, "DepTreeDepth": 0.37036779, "_runtime": 1, "_timestamp": 1615509288, "_step": 0}