{"BLEU": 81.59, "SARI": 35.91, "FKGL": 8.76, "loss": 11.01, "nll_loss": 7.744, "warmup_updates": 4000, "parametrization_budget": 256, "beam": 7, "dropout": 0.2480229794, "fp16": false, "label_smoothing": 0.5188559343, "lr": 0.0002735774198, "lr_scheduler": "fixed", "max_epoch": 100, "max_tokens": 5000, "optimizer": "adam", "LengthRatio": 0.9167669136, "Levenshtein": 0.9471599954, "WordRank": 0.9401070984, "DepTreeDepth": 0.656220087, "_runtime": 2, "_timestamp": 1615508593, "_step": 0}