{"BLEU": 64.98, "SARI": 33.78, "FKGL": 6.82, "loss": 6.354, "nll_loss": 2.308, "warmup_updates": 4000, "parametrization_budget": 256, "beam": 9, "dropout": 0.02392382708, "fp16": false, "label_smoothing": 0.317466802, "lr": 0.005031403992, "lr_scheduler": "fixed", "max_epoch": 100, "max_tokens": 5000, "optimizer": "adam", "LengthRatio": 0.4707216241, "Levenshtein": 0.9355840826, "WordRank": 0.04418487669, "DepTreeDepth": 0.6064985806, "_runtime": 2, "_timestamp": 1615508613, "_step": 0}