{"BLEU": 7.26, "SARI": 21.31, "FKGL": 5.47, "loss": 6.324, "nll_loss": 6.072, "warmup_updates": 4000, "parametrization_budget": 256, "beam": 4, "dropout": 0.5795398333, "fp16": false, "label_smoothing": 0.02706102875, "lr": 0.006704600706, "lr_scheduler": "fixed", "max_epoch": 100, "max_tokens": 5000, "optimizer": "adam", "LengthRatio": 0.5006386774, "Levenshtein": 0.4729413906, "WordRank": 0.1647258824, "DepTreeDepth": 0.4902653602, "_runtime": 1, "_timestamp": 1615508689, "_step": 0}