{"BLEU": 4.37, "SARI": 20.82, "FKGL": 0.17, "loss": 11.612, "nll_loss": 8.818, "warmup_updates": 4000, "parametrization_budget": 256, "beam": 10, "dropout": 0.27617704, "fp16": false, "label_smoothing": 0.52854435, "lr": 3.49e-05, "lr_scheduler": "fixed", "max_epoch": 100, "max_tokens": 5000, "optimizer": "adam", "LengthRatio": 0.44899696, "Levenshtein": 0.2737753, "WordRank": 0.07290494, "DepTreeDepth": 0.74300094, "_runtime": 1, "_timestamp": 1615508948, "_step": 0}