{"BLEU": 22.93, "SARI": 27.17, "FKGL": 2.2, "loss": 12.379, "nll_loss": 11.956, "warmup_updates": 4000, "parametrization_budget": 256, "beam": 5, "dropout": 0.87786095, "fp16": false, "label_smoothing": 0.24279423, "lr": 0.00459273, "lr_scheduler": "fixed", "max_epoch": 100, "max_tokens": 5000, "optimizer": "adam", "LengthRatio": 0.22499829, "Levenshtein": 0.8749507, "WordRank": 0.73878156, "DepTreeDepth": 0.07258635, "_runtime": 2, "_timestamp": 1615509110, "_step": 0}