{"BLEU": 0.03, "SARI": 16.82, "FKGL": 3.75, "loss": 12.613, "nll_loss": 7.722, "warmup_updates": 4000, "parametrization_budget": 256, "beam": 8, "dropout": 0.09576829, "fp16": false, "label_smoothing": 0.84117399, "lr": 0.00359421, "lr_scheduler": "fixed", "max_epoch": 100, "max_tokens": 5000, "optimizer": "adam", "LengthRatio": 0.04002672, "Levenshtein": 0.24785395, "WordRank": 0.71646186, "DepTreeDepth": 0.5836323, "_runtime": 2, "_timestamp": 1615509131, "_step": 0}