{"BLEU": 1.05, "SARI": 19.7, "FKGL": 0.0, "loss": 13.798, "nll_loss": 13.797, "warmup_updates": 4000, "parametrization_budget": 256, "beam": 3, "dropout": 0.99497599, "fp16": false, "label_smoothing": 0.69062727, "lr": 0.00056013, "lr_scheduler": "fixed", "max_epoch": 100, "max_tokens": 5000, "optimizer": "adam", "LengthRatio": 0.82696263, "Levenshtein": 0.14486353, "WordRank": 0.14041884, "DepTreeDepth": 0.82388268, "_runtime": 2, "_timestamp": 1615509211, "_step": 0}