{"BLEU": 74.06, "SARI": 38.58, "FKGL": 7.48, "loss": 12.232, "nll_loss": 8.243, "warmup_updates": 4000, "parametrization_budget": 256, "beam": 10, "dropout": 0.4320392076, "fp16": false, "label_smoothing": 0.7321268066, "lr": 0.00087923843, "lr_scheduler": "fixed", "max_epoch": 100, "max_tokens": 5000, "optimizer": "adam", "LengthRatio": 0.4054907032, "Levenshtein": 0.03126453511, "WordRank": 0.4526864464, "DepTreeDepth": 0.1984083306, "_runtime": 1, "_timestamp": 1615508555, "_step": 0}