{"BLEU": 28.44, "SARI": 28.82, "FKGL": 2.47, "loss": 7.54, "nll_loss": 6.353, "warmup_updates": 4000, "parametrization_budget": 256, "beam": 4, "dropout": 0.42888492, "fp16": false, "label_smoothing": 0.13995321, "lr": 0.0050597, "lr_scheduler": "fixed", "max_epoch": 100, "max_tokens": 5000, "optimizer": "adam", "LengthRatio": 0.32735444, "Levenshtein": 0.50548324, "WordRank": 0.48183988, "DepTreeDepth": 0.78515141, "_runtime": 1, "_timestamp": 1615509166, "_step": 0}