{"BLEU": 8.77, "SARI": 22.65, "FKGL": 2.23, "loss": 11.582, "nll_loss": 5.645, "warmup_updates": 4000, "parametrization_budget": 256, "beam": 2, "dropout": 0.22711086, "fp16": false, "label_smoothing": 0.72962489, "lr": 0.00871905, "lr_scheduler": "fixed", "max_epoch": 100, "max_tokens": 5000, "optimizer": "adam", "LengthRatio": 0.17867628, "Levenshtein": 0.69961387, "WordRank": 0.43688991, "DepTreeDepth": 0.50295637, "_runtime": 1, "_timestamp": 1615509081, "_step": 0}