{"BLEU": 59.0, "SARI": 37.23, "FKGL": 5.84, "loss": 13.795, "nll_loss": 13.795, "warmup_updates": 4000, "parametrization_budget": 256, "beam": 9, "dropout": 0.99438512, "fp16": false, "label_smoothing": 0.82315962, "lr": 0.73734148, "lr_scheduler": "fixed", "max_epoch": 100, "max_tokens": 5000, "optimizer": "adam", "LengthRatio": 0.80748268, "Levenshtein": 0.68104771, "WordRank": 0.63477264, "DepTreeDepth": 0.74154427, "_runtime": 2, "_timestamp": 1615509012, "_step": 0}