{"BLEU": 0.94, "SARI": 18.0, "FKGL": 7.85, "loss": 2.786, "nll_loss": 0.783, "warmup_updates": 4000, "parametrization_budget": 256, "beam": 4, "dropout": 0.3685286623, "fp16": false, "label_smoothing": 0.1246038602, "lr": 0.2480279507, "lr_scheduler": "fixed", "max_epoch": 100, "max_tokens": 5000, "optimizer": "adam", "LengthRatio": 0.6971383964, "Levenshtein": 0.4676041353, "WordRank": 0.4790874825, "DepTreeDepth": 0.3380821259, "_runtime": 2, "_timestamp": 1615508668, "_step": 0}