{"BLEU": 63.59, "SARI": 39.15, "FKGL": 7.05, "loss": 10.4, "nll_loss": 8.608, "warmup_updates": 4000, "parametrization_budget": 256, "beam": 8, "dropout": 0.1189447585, "fp16": false, "label_smoothing": 0.3191468599, "lr": 2.62e-05, "lr_scheduler": "fixed", "max_epoch": 100, "max_tokens": 5000, "optimizer": "adam", "LengthRatio": 0.9074155774, "Levenshtein": 0.8411789178, "WordRank": 0.409605331, "DepTreeDepth": 0.6211707445, "_runtime": 2, "_timestamp": 1615508783, "_step": 0}