{"BLEU": 7.36, "SARI": 22.74, "FKGL": 5.41, "loss": 10.114, "nll_loss": 9.442, "warmup_updates": 4000, "parametrization_budget": 256, "beam": 4, "dropout": 0.7514972, "fp16": false, "label_smoothing": 0.13813359, "lr": 0.00788109, "lr_scheduler": "fixed", "max_epoch": 100, "max_tokens": 5000, "optimizer": "adam", "LengthRatio": 0.67227328, "Levenshtein": 0.44184346, "WordRank": 0.01382927, "DepTreeDepth": 0.3823766, "_runtime": 1, "_timestamp": 1615508955, "_step": 0}