{"BLEU": 0.06, "SARI": 16.74, "FKGL": 5.59, "loss": 11.235, "nll_loss": 5.586, "warmup_updates": 4000, "parametrization_budget": 256, "beam": 7, "dropout": 0.25856396, "fp16": false, "label_smoothing": 0.68103303, "lr": 0.00780283, "lr_scheduler": "fixed", "max_epoch": 100, "max_tokens": 5000, "optimizer": "adam", "LengthRatio": 0.2532431, "Levenshtein": 0.11575729, "WordRank": 0.77774097, "DepTreeDepth": 0.6890532, "_runtime": 2, "_timestamp": 1615509096, "_step": 0}