{"BLEU": 5.24, "SARI": 23.21, "FKGL": 5.21, "loss": 13.207, "nll_loss": 12.367, "warmup_updates": 4000, "parametrization_budget": 256, "beam": 4, "dropout": 0.83898097, "fp16": false, "label_smoothing": 0.66291669, "lr": 0.00097488, "lr_scheduler": "fixed", "max_epoch": 100, "max_tokens": 5000, "optimizer": "adam", "LengthRatio": 0.94654465, "Levenshtein": 0.35853964, "WordRank": 0.69808147, "DepTreeDepth": 0.20697995, "_runtime": 1, "_timestamp": 1615508789, "_step": 0}