{"BLEU": 29.7, "SARI": 34.41, "FKGL": 5.42, "loss": 11.846, "nll_loss": 9.349, "warmup_updates": 4000, "parametrization_budget": 256, "beam": 2, "dropout": 0.4363376967, "fp16": false, "label_smoothing": 0.5380870497, "lr": 5.45e-05, "lr_scheduler": "fixed", "max_epoch": 100, "max_tokens": 5000, "optimizer": "adam", "LengthRatio": 0.9901799833, "Levenshtein": 0.591265223, "WordRank": 0.5086360797, "DepTreeDepth": 0.1663733128, "_runtime": 2, "_timestamp": 1615508683, "_step": 0}