{"BLEU": 0.36, "SARI": 19.29, "FKGL": 4.73, "loss": 12.111, "nll_loss": 9.114, "warmup_updates": 4000, "parametrization_budget": 256, "beam": 5, "dropout": 0.8127416429, "fp16": false, "label_smoothing": 0.6433060842, "lr": 0.01057071625, "lr_scheduler": "fixed", "max_epoch": 100, "max_tokens": 5000, "optimizer": "adam", "LengthRatio": 0.5715501342, "Levenshtein": 0.2131048347, "WordRank": 0.4830576809, "DepTreeDepth": 0.1573989988, "_runtime": 1, "_timestamp": 1615508619, "_step": 0}