{"BLEU": 0.46, "SARI": 18.85, "FKGL": 2.78, "loss": 8.5, "nll_loss": 5.17, "warmup_updates": 4000, "parametrization_budget": 256, "beam": 10, "dropout": 0.24280534, "fp16": false, "label_smoothing": 0.35156072, "lr": 0.00594357, "lr_scheduler": "fixed", "max_epoch": 100, "max_tokens": 5000, "optimizer": "adam", "LengthRatio": 0.04786775, "Levenshtein": 0.9484389, "WordRank": 0.35435425, "DepTreeDepth": 0.24190893, "_runtime": 2, "_timestamp": 1615508901, "_step": 0}